what,kind,bundleId,bundleVersion,description,time
executed,command,org.eclipse.ui.workbench.texteditor,3.6.0.v20100520-0800,"org.eclipse.ui.edit.text.select.wordNext",1280171792828
executed,command,org.eclipse.ui,3.6.0.I20100603-1100,"org.eclipse.ui.edit.text.contentAssist.proposals",1280171796508
executed,command,org.eclipse.ui,3.6.0.I20100603-1100,"org.eclipse.ui.file.saveAll",1280171801007
deactivated,workbench,org.eclipse.ui.workbench,3.6.0.I20100603-1100,"",1280171802555
executed,command,org.eclipse.ui,3.6.0.I20100603-1100,"org.eclipse.ui.window.quickAccess",1280171802572
activated,workbench,org.eclipse.ui.workbench,3.6.0.I20100603-1100,"",1280171805468
deactivated,workbench,org.eclipse.ui.workbench,3.6.0.I20100603-1100,"",1280171805532
activated,workbench,org.eclipse.ui.workbench,3.6.0.I20100603-1100,"",1280171816465
executed,command,org.eclipse.jdt.ui,3.6.0.v20100602-1600,"org.eclipse.jdt.ui.edit.text.java.format",1280171819665
executed,command,org.eclipse.ui,3.6.0.I20100603-1100,"org.eclipse.ui.file.saveAll",1280171822014
executed,command,org.eclipse.jdt.ui,3.6.0.v20100602-1600,"org.eclipse.jdt.ui.edit.text.java.source.quickMenu",1280171822770
executed,command,org.eclipse.ui,3.6.0.I20100603-1100,"org.eclipse.ui.file.saveAll",1280171830109
deactivated,workbench,org.eclipse.ui.workbench,3.6.0.I20100603-1100,"",1280171841456
executed,command,org.eclipse.ui,3.6.0.I20100603-1100,"org.eclipse.ui.window.quickAccess",1280171841472
activated,workbench,org.eclipse.ui.workbench,3.6.0.I20100603-1100,"",1280171846608
deactivated,workbench,org.eclipse.ui.workbench,3.6.0.I20100603-1100,"",1280171849171
executed,command,org.eclipse.ui,3.6.0.I20100603-1100,"org.eclipse.ui.window.quickAccess",1280171849187
activated,workbench,org.eclipse.ui.workbench,3.6.0.I20100603-1100,"",1280171853275
deactivated,workbench,org.eclipse.ui.workbench,3.6.0.I20100603-1100,"",1280171856215
executed,command,org.eclipse.ui,3.6.0.I20100603-1100,"org.eclipse.ui.window.quickAccess",1280171856231
activated,workbench,org.eclipse.ui.workbench,3.6.0.I20100603-1100,"",1280171861855
deactivated,workbench,org.eclipse.ui.workbench,3.6.0.I20100603-1100,"",1280171861960
activated,workbench,org.eclipse.ui.workbench,3.6.0.I20100603-1100,"",1280171887062
deactivated,workbench,org.eclipse.ui.workbench,3.6.0.I20100603-1100,"",1280171901240
executed,command,org.eclipse.ui,3.6.0.I20100603-1100,"org.eclipse.ui.window.quickAccess",1280171901257
activated,workbench,org.eclipse.ui.workbench,3.6.0.I20100603-1100,"",1280171903490
deactivated,workbench,org.eclipse.ui.workbench,3.6.0.I20100603-1100,"",1280171903577
activated,workbench,org.eclipse.ui.workbench,3.6.0.I20100603-1100,"",1280171924181
activated,view,org.eclipse.ui.navigator.resources,3.4.200.I20100601-0800,"org.eclipse.ui.navigator.ProjectExplorer",1280171927462
activated,editor,org.eclipse.jdt.ui,3.6.0.v20100602-1600,"org.eclipse.jdt.ui.CompilationUnitEditor",1280171935816
deactivated,workbench,org.eclipse.ui.workbench,3.6.0.I20100603-1100,"",1280171963627
executed,command,org.eclipse.ui,3.6.0.I20100603-1100,"org.eclipse.ui.window.quickAccess",1280171963645
activated,workbench,org.eclipse.ui.workbench,3.6.0.I20100603-1100,"",1280171968337
deactivated,workbench,org.eclipse.ui.workbench,3.6.0.I20100603-1100,"",1280171968399
activated,workbench,org.eclipse.ui.workbench,3.6.0.I20100603-1100,"",1280172098649
executed,command,org.eclipse.ui,3.6.0.I20100603-1100,"org.eclipse.ui.edit.text.contentAssist.proposals",1280172146343
executed,command,org.eclipse.ui,3.6.0.I20100603-1100,"org.eclipse.ui.edit.text.contentAssist.proposals",1280172231944
executed,command,org.eclipse.ui,3.6.0.I20100603-1100,"org.eclipse.ui.edit.text.contentAssist.proposals",1280172246317
executed,command,org.eclipse.ui,3.6.0.I20100603-1100,"org.eclipse.ui.edit.text.contentAssist.proposals",1280172250564
executed,command,org.eclipse.ui,3.6.0.I20100603-1100,"org.eclipse.ui.edit.text.contentAssist.proposals",1280172263661
executed,command,org.eclipse.ui,3.6.0.I20100603-1100,"org.eclipse.ui.edit.text.contentAssist.proposals",1280172269925
deactivated,workbench,org.eclipse.ui.workbench,3.6.0.I20100603-1100,"",1280172277234
activated,workbench,org.eclipse.ui.workbench,3.6.0.I20100603-1100,"",1280172277866
deactivated,workbench,org.eclipse.ui.workbench,3.6.0.I20100603-1100,"",1280172283562
activated,workbench,org.eclipse.ui.workbench,3.6.0.I20100603-1100,"",1280172287753
deactivated,workbench,org.eclipse.ui.workbench,3.6.0.I20100603-1100,"",1280172288456
activated,workbench,org.eclipse.ui.workbench,3.6.0.I20100603-1100,"",1280172289664
deactivated,workbench,org.eclipse.ui.workbench,3.6.0.I20100603-1100,"",1280172289744
activated,workbench,org.eclipse.ui.workbench,3.6.0.I20100603-1100,"",1280172311265
executed,command,org.eclipse.ui,3.6.0.I20100603-1100,"org.eclipse.ui.edit.text.contentAssist.proposals",1280172314160
executed,command,org.eclipse.ui,3.6.0.I20100603-1100,"org.eclipse.ui.file.saveAll",1280172328163
executed,command,org.eclipse.ui.ide,3.6.0.I20100601-0800,"org.eclipse.jdt.ui.edit.text.java.correction.assist.proposals",1280172332465
executed,command,org.eclipse.ui,3.6.0.I20100603-1100,"org.eclipse.ui.file.saveAll",1280172336325
executed,command,org.eclipse.ui,3.6.0.I20100603-1100,"org.eclipse.ui.file.saveAll",1280172340347
executed,command,org.eclipse.jdt.ui,3.6.0.v20100602-1600,"org.eclipse.jdt.ui.edit.text.java.source.quickMenu",1280172389633
executed,command,org.eclipse.jdt.ui,3.6.0.v20100602-1600,"org.eclipse.jdt.ui.edit.text.java.format",1280172391523
executed,command,org.eclipse.ui,3.6.0.I20100603-1100,"org.eclipse.ui.edit.text.contentAssist.proposals",1280172408841
executed,command,org.eclipse.ui,3.6.0.I20100603-1100,"org.eclipse.ui.file.saveAll",1280172448068
executed,command,org.eclipse.ui,3.6.0.I20100603-1100,"org.eclipse.ui.edit.cut",1280172473014
executed,command,org.eclipse.ui,3.6.0.I20100603-1100,"org.eclipse.ui.edit.paste",1280172476299
executed,command,org.eclipse.ui,3.6.0.I20100603-1100,"org.eclipse.ui.file.saveAll",1280172478078
executed,command,org.eclipse.ui.ide,3.6.0.I20100601-0800,"org.eclipse.jdt.ui.edit.text.java.correction.assist.proposals",1280172479012
executed,command,org.eclipse.ui.ide,3.6.0.I20100601-0800,"org.eclipse.jdt.ui.edit.text.java.correction.assist.proposals",1280172480544
activated,editor,org.eclipse.jdt.ui,3.6.0.v20100602-1600,"org.eclipse.jdt.ui.CompilationUnitEditor",1280172488440
executed,command,org.eclipse.ui,3.6.0.I20100603-1100,"org.eclipse.ui.file.saveAll",1280172489779
activated,editor,org.eclipse.jdt.ui,3.6.0.v20100602-1600,"org.eclipse.jdt.ui.CompilationUnitEditor",1280172491731
executed,command,org.eclipse.ui.ide,3.6.0.I20100601-0800,"org.eclipse.jdt.ui.edit.text.java.correction.assist.proposals",1280172494482
activated,editor,org.eclipse.jdt.ui,3.6.0.v20100602-1600,"org.eclipse.jdt.ui.CompilationUnitEditor",1280172498331
executed,command,org.eclipse.ui,3.6.0.I20100603-1100,"org.eclipse.ui.file.saveAll",1280172499430
activated,editor,org.eclipse.jdt.ui,3.6.0.v20100602-1600,"org.eclipse.jdt.ui.CompilationUnitEditor",1280172501662
executed,command,org.eclipse.ui,3.6.0.I20100603-1100,"org.eclipse.ui.edit.text.contentAssist.proposals",1280172507958
executed,command,org.eclipse.ui,3.6.0.I20100603-1100,"org.eclipse.ui.edit.text.contentAssist.proposals",1280172520248
executed,command,org.eclipse.ui,3.6.0.I20100603-1100,"org.eclipse.ui.edit.text.contentAssist.proposals",1280172524063
deactivated,workbench,org.eclipse.ui.workbench,3.6.0.I20100603-1100,"",1280172529147
activated,workbench,org.eclipse.ui.workbench,3.6.0.I20100603-1100,"",1280172530704
deactivated,workbench,org.eclipse.ui.workbench,3.6.0.I20100603-1100,"",1280172530746
activated,workbench,org.eclipse.ui.workbench,3.6.0.I20100603-1100,"",1280172560633
executed,command,org.eclipse.ui,3.6.0.I20100603-1100,"org.eclipse.ui.edit.text.contentAssist.proposals",1280172564398
deactivated,workbench,org.eclipse.ui.workbench,3.6.0.I20100603-1100,"",1280172566588
activated,workbench,org.eclipse.ui.workbench,3.6.0.I20100603-1100,"",1280172567076
executed,command,org.eclipse.ui,3.6.0.I20100603-1100,"org.eclipse.ui.edit.copy",1280172572110
executed,command,org.eclipse.ui,3.6.0.I20100603-1100,"org.eclipse.ui.edit.paste",1280172574073
executed,command,org.eclipse.ui,3.6.0.I20100603-1100,"org.eclipse.ui.edit.text.contentAssist.proposals",1280172575374
executed,command,org.eclipse.ui.ide,3.6.0.I20100601-0800,"org.eclipse.jdt.ui.edit.text.java.correction.assist.proposals",1280172577398
deactivated,workbench,org.eclipse.ui.workbench,3.6.0.I20100603-1100,"",1280172583058
activated,workbench,org.eclipse.ui.workbench,3.6.0.I20100603-1100,"",1280172584445
executed,command,org.eclipse.ui.ide,3.6.0.I20100601-0800,"org.eclipse.jdt.ui.edit.text.java.correction.assist.proposals",1280172588617
executed,command,org.eclipse.ui,3.6.0.I20100603-1100,"org.eclipse.ui.file.saveAll",1280172592833
executed,command,org.eclipse.ui.ide,3.6.0.I20100601-0800,"org.eclipse.jdt.ui.edit.text.java.correction.assist.proposals",1280172595222
executed,command,org.eclipse.ui.ide,3.6.0.I20100601-0800,"org.eclipse.jdt.ui.edit.text.java.correction.assist.proposals",1280172596516
activated,view,org.eclipse.ui.navigator.resources,3.4.200.I20100601-0800,"org.eclipse.ui.navigator.ProjectExplorer",1280172600396
deactivated,workbench,org.eclipse.ui.workbench,3.6.0.I20100603-1100,"",1280172601368
executed,command,org.eclipse.ui,3.6.0.I20100603-1100,"org.eclipse.ui.window.quickAccess",1280172601384
activated,workbench,org.eclipse.ui.workbench,3.6.0.I20100603-1100,"",1280172607664
deactivated,workbench,org.eclipse.ui.workbench,3.6.0.I20100603-1100,"",1280172607778
executed,command,org.eclipse.ui,3.6.0.I20100603-1100,"org.eclipse.ui.edit.paste",1280172612075
activated,workbench,org.eclipse.ui.workbench,3.6.0.I20100603-1100,"",1280172619584
opened,editor,org.eclipse.jdt.ui,3.6.0.v20100602-1600,"org.eclipse.jdt.ui.CompilationUnitEditor",1280172619835
activated,editor,org.eclipse.jdt.ui,3.6.0.v20100602-1600,"org.eclipse.jdt.ui.CompilationUnitEditor",1280172619893
activated,editor,org.eclipse.jdt.ui,3.6.0.v20100602-1600,"org.eclipse.jdt.ui.CompilationUnitEditor",1280172622515
executed,command,org.eclipse.ui.workbench.texteditor,3.6.0.v20100520-0800,"org.eclipse.ui.edit.text.delete.line",1280172636731
executed,command,org.eclipse.ui,3.6.0.I20100603-1100,"org.eclipse.ui.file.saveAll",1280172638461
executed,command,,,"AUTOGEN:::org.eclipse.jdt.debug.CompilationUnitEditor.BreakpointRulerActions/org.eclipse.jdt.debug.ui.actions.ManageBreakpointRulerAction",1280172642737
executed,command,,,"AUTOGEN:::org.eclipse.jdt.debug.CompilationUnitEditor.BreakpointRulerActions/org.eclipse.jdt.debug.ui.actions.ManageBreakpointRulerAction",1280172648286
deactivated,workbench,org.eclipse.ui.workbench,3.6.0.I20100603-1100,"",1280172650763
executed,command,org.eclipse.ui,3.6.0.I20100603-1100,"org.eclipse.ui.window.quickAccess",1280172650779
activated,workbench,org.eclipse.ui.workbench,3.6.0.I20100603-1100,"",1280172662526
opened,view,net.sf.eclipsecs.ui,5.1.0.201002232103,"net.sf.eclipsecs.ui.stats.views.MarkerStatsView",1280172662946
activated,view,net.sf.eclipsecs.ui,5.1.0.201002232103,"net.sf.eclipsecs.ui.stats.views.MarkerStatsView",1280172662981
deactivated,workbench,org.eclipse.ui.workbench,3.6.0.I20100603-1100,"",1280172675746
activated,workbench,org.eclipse.ui.workbench,3.6.0.I20100603-1100,"",1280172680336
activated,editor,org.eclipse.jdt.ui,3.6.0.v20100602-1600,"org.eclipse.jdt.ui.CompilationUnitEditor",1280172682076
activated,view,net.sf.eclipsecs.ui,5.1.0.201002232103,"net.sf.eclipsecs.ui.stats.views.MarkerStatsView",1280172685663
activated,editor,org.eclipse.jdt.ui,3.6.0.v20100602-1600,"org.eclipse.jdt.ui.CompilationUnitEditor",1280172688698
activated,view,net.sf.eclipsecs.ui,5.1.0.201002232103,"net.sf.eclipsecs.ui.stats.views.MarkerStatsView",1280172689462
activated,editor,org.eclipse.jdt.ui,3.6.0.v20100602-1600,"org.eclipse.jdt.ui.CompilationUnitEditor",1280172701426
executed,command,org.eclipse.ui,3.6.0.I20100603-1100,"org.eclipse.ui.file.saveAll",1280172705086
executed,command,org.eclipse.ui,3.6.0.I20100603-1100,"org.eclipse.ui.file.saveAll",1280172719568
executed,command,org.eclipse.jdt.junit,3.6.0.v20100526-0800,"org.eclipse.jdt.junit.junitShortcut.run",1280172806463
opened,view,org.eclipse.jdt.junit,3.6.0.v20100526-0800,"org.eclipse.jdt.junit.ResultView",1280172807427
activated,view,org.eclipse.jdt.junit,3.6.0.v20100526-0800,"org.eclipse.jdt.junit.ResultView",1280172816236
activated,workbench,org.eclipse.ui.workbench,3.6.0.I20100603-1100,"",1280172816558
opened,editor,org.eclipse.jdt.ui,3.6.0.v20100602-1600,"org.eclipse.jdt.ui.ClassFileEditor",1280172816685
activated,editor,org.eclipse.jdt.ui,3.6.0.v20100602-1600,"org.eclipse.jdt.ui.ClassFileEditor",1280172816890
activated,editor,org.eclipse.jdt.ui,3.6.0.v20100602-1600,"org.eclipse.jdt.ui.CompilationUnitEditor",1280172846141
activated,editor,org.eclipse.jdt.ui,3.6.0.v20100602-1600,"org.eclipse.jdt.ui.CompilationUnitEditor",1280172847443
executed,command,org.eclipse.ui,3.6.0.I20100603-1100,"org.eclipse.ui.edit.text.contentAssist.proposals",1280172863055
deactivated,workbench,org.eclipse.ui.workbench,3.6.0.I20100603-1100,"",1280173020088
activated,workbench,org.eclipse.ui.workbench,3.6.0.I20100603-1100,"",1280173028014
activated,editor,org.eclipse.jdt.ui,3.6.0.v20100602-1600,"org.eclipse.jdt.ui.ClassFileEditor",1280173028108
executed,command,org.eclipse.jdt.ui,3.6.0.v20100602-1600,"org.eclipse.jdt.ui.navigate.open.type",1280173028143
activated,view,org.eclipse.ui.views,3.5.0.I20100527-0800,"org.eclipse.ui.views.ContentOutline",1280173044438
activated,editor,org.eclipse.jdt.ui,3.6.0.v20100602-1600,"org.eclipse.jdt.ui.ClassFileEditor",1280173044760
activated,view,org.eclipse.ui.views,3.5.0.I20100527-0800,"org.eclipse.ui.views.ContentOutline",1280173045325
activated,editor,org.eclipse.jdt.ui,3.6.0.v20100602-1600,"org.eclipse.jdt.ui.ClassFileEditor",1280173046140
activated,editor,org.eclipse.jdt.ui,3.6.0.v20100602-1600,"org.eclipse.jdt.ui.CompilationUnitEditor",1280173050214
activated,editor,org.eclipse.jdt.ui,3.6.0.v20100602-1600,"org.eclipse.jdt.ui.CompilationUnitEditor",1280173051596
deactivated,workbench,org.eclipse.ui.workbench,3.6.0.I20100603-1100,"",1280173072185
activated,workbench,org.eclipse.ui.workbench,3.6.0.I20100603-1100,"",1280173080866
opened,editor,org.eclipse.jdt.ui,3.6.0.v20100602-1600,"org.eclipse.jdt.ui.ClassFileEditor",1280173080984
activated,editor,org.eclipse.jdt.ui,3.6.0.v20100602-1600,"org.eclipse.jdt.ui.ClassFileEditor",1280173081058
executed,command,org.eclipse.jdt.ui,3.6.0.v20100602-1600,"org.eclipse.jdt.ui.navigate.open.type",1280173081113
activated,workbench,org.eclipse.ui.workbench,3.6.0.I20100603-1100,"",1280173085162
activated,view,org.eclipse.jdt.ui,3.6.0.v20100602-1600,"org.eclipse.jdt.ui.TypeHierarchy",1280173085210
executed,command,org.eclipse.jdt.ui,3.6.0.v20100602-1600,"org.eclipse.jdt.ui.edit.text.java.open.type.hierarchy",1280173085294
deactivated,workbench,org.eclipse.ui.workbench,3.6.0.I20100603-1100,"",1280173085682
activated,workbench,org.eclipse.ui.workbench,3.6.0.I20100603-1100,"",1280173086492
opened,editor,org.eclipse.jdt.ui,3.6.0.v20100602-1600,"org.eclipse.jdt.ui.ClassFileEditor",1280173099763
activated,editor,org.eclipse.jdt.ui,3.6.0.v20100602-1600,"org.eclipse.jdt.ui.ClassFileEditor",1280173100005
activated,view,org.eclipse.jdt.ui,3.6.0.v20100602-1600,"org.eclipse.jdt.ui.TypeHierarchy",1280173100665
activated,editor,org.eclipse.jdt.ui,3.6.0.v20100602-1600,"org.eclipse.jdt.ui.ClassFileEditor",1280173104040
activated,view,org.eclipse.jdt.ui,3.6.0.v20100602-1600,"org.eclipse.jdt.ui.TypeHierarchy",1280173108126
opened,editor,org.eclipse.jdt.ui,3.6.0.v20100602-1600,"org.eclipse.jdt.ui.ClassFileEditor",1280173118379
activated,editor,org.eclipse.jdt.ui,3.6.0.v20100602-1600,"org.eclipse.jdt.ui.ClassFileEditor",1280173118454
activated,view,org.eclipse.jdt.ui,3.6.0.v20100602-1600,"org.eclipse.jdt.ui.TypeHierarchy",1280173118857
activated,editor,org.eclipse.jdt.ui,3.6.0.v20100602-1600,"org.eclipse.jdt.ui.ClassFileEditor",1280173148768
deactivated,workbench,org.eclipse.ui.workbench,3.6.0.I20100603-1100,"",1280173150069
activated,workbench,org.eclipse.ui.workbench,3.6.0.I20100603-1100,"",1280173153551
opened,editor,org.eclipse.jdt.ui,3.6.0.v20100602-1600,"org.eclipse.jdt.ui.ClassFileEditor",1280173153663
activated,editor,org.eclipse.jdt.ui,3.6.0.v20100602-1600,"org.eclipse.jdt.ui.ClassFileEditor",1280173153729
executed,command,org.eclipse.jdt.ui,3.6.0.v20100602-1600,"org.eclipse.jdt.ui.navigate.open.type",1280173153813
opened,editor,org.eclipse.jdt.ui,3.6.0.v20100602-1600,"org.eclipse.jdt.ui.ClassFileEditor",1280173172840
activated,editor,org.eclipse.jdt.ui,3.6.0.v20100602-1600,"org.eclipse.jdt.ui.ClassFileEditor",1280173172908
activated,editor,org.eclipse.jdt.ui,3.6.0.v20100602-1600,"org.eclipse.jdt.ui.ClassFileEditor",1280173176185
deactivated,workbench,org.eclipse.ui.workbench,3.6.0.I20100603-1100,"",1280173194984
activated,workbench,org.eclipse.ui.workbench,3.6.0.I20100603-1100,"",1280173200581
activated,editor,org.eclipse.jdt.ui,3.6.0.v20100602-1600,"org.eclipse.jdt.ui.ClassFileEditor",1280173200679
executed,command,org.eclipse.jdt.ui,3.6.0.v20100602-1600,"org.eclipse.jdt.ui.navigate.open.type",1280173200685
activated,view,org.eclipse.ui.views,3.5.0.I20100527-0800,"org.eclipse.ui.views.ContentOutline",1280173205037
activated,editor,org.eclipse.jdt.ui,3.6.0.v20100602-1600,"org.eclipse.jdt.ui.ClassFileEditor",1280173205299
activated,view,org.eclipse.ui.views,3.5.0.I20100527-0800,"org.eclipse.ui.views.ContentOutline",1280173205629
deactivated,workbench,org.eclipse.ui.workbench,3.6.0.I20100603-1100,"",1280173348950
activated,workbench,org.eclipse.ui.workbench,3.6.0.I20100603-1100,"",1280173351499
deactivated,workbench,org.eclipse.ui.workbench,3.6.0.I20100603-1100,"",1280173351537
activated,workbench,org.eclipse.ui.workbench,3.6.0.I20100603-1100,"",1280173435526
activated,editor,org.eclipse.jdt.ui,3.6.0.v20100602-1600,"org.eclipse.jdt.ui.ClassFileEditor",1280173436076
activated,view,org.eclipse.jdt.ui,3.6.0.v20100602-1600,"org.eclipse.jdt.ui.TypeHierarchy",1280174174079
activated,editor,org.eclipse.jdt.ui,3.6.0.v20100602-1600,"org.eclipse.jdt.ui.ClassFileEditor",1280174175172
activated,editor,org.eclipse.jdt.ui,3.6.0.v20100602-1600,"org.eclipse.jdt.ui.ClassFileEditor",1280174176254
activated,editor,org.eclipse.jdt.ui,3.6.0.v20100602-1600,"org.eclipse.jdt.ui.ClassFileEditor",1280174178496
closed,editor,org.eclipse.jdt.ui,3.6.0.v20100602-1600,"org.eclipse.jdt.ui.ClassFileEditor",1280174178496
activated,editor,org.eclipse.jdt.ui,3.6.0.v20100602-1600,"org.eclipse.jdt.ui.ClassFileEditor",1280174180503
closed,editor,org.eclipse.jdt.ui,3.6.0.v20100602-1600,"org.eclipse.jdt.ui.ClassFileEditor",1280174180503
activated,editor,org.eclipse.jdt.ui,3.6.0.v20100602-1600,"org.eclipse.jdt.ui.ClassFileEditor",1280174181909
closed,editor,org.eclipse.jdt.ui,3.6.0.v20100602-1600,"org.eclipse.jdt.ui.ClassFileEditor",1280174181910
activated,editor,org.eclipse.jdt.ui,3.6.0.v20100602-1600,"org.eclipse.jdt.ui.CompilationUnitEditor",1280174182967
executed,command,org.eclipse.ui.workbench.texteditor,3.6.0.v20100520-0800,"org.eclipse.ui.edit.text.delete.line",1280174186192
error,log,,,"The resource tree is locked for modifications.",1280174186787
executed,command,org.eclipse.ui,3.6.0.I20100603-1100,"org.eclipse.ui.file.saveAll",1280174187985
activated,view,org.eclipse.jdt.junit,3.6.0.v20100526-0800,"org.eclipse.jdt.junit.ResultView",1280174207662
activated,workbench,org.eclipse.ui.workbench,3.6.0.I20100603-1100,"",1280174210171
activated,editor,org.eclipse.jdt.ui,3.6.0.v20100602-1600,"org.eclipse.jdt.ui.CompilationUnitEditor",1280174210225
activated,view,org.eclipse.jdt.junit,3.6.0.v20100526-0800,"org.eclipse.jdt.junit.ResultView",1280174210757
activated,workbench,org.eclipse.ui.workbench,3.6.0.I20100603-1100,"",1280174222541
activated,editor,org.eclipse.jdt.ui,3.6.0.v20100602-1600,"org.eclipse.jdt.ui.ClassFileEditor",1280174222636
activated,view,org.eclipse.jdt.junit,3.6.0.v20100526-0800,"org.eclipse.jdt.junit.ResultView",1280174223278
activated,workbench,org.eclipse.ui.workbench,3.6.0.I20100603-1100,"",1280174224092
activated,editor,org.eclipse.jdt.ui,3.6.0.v20100602-1600,"org.eclipse.jdt.ui.CompilationUnitEditor",1280174224180
activated,view,org.eclipse.jdt.junit,3.6.0.v20100526-0800,"org.eclipse.jdt.junit.ResultView",1280174224854
activated,editor,org.eclipse.jdt.ui,3.6.0.v20100602-1600,"org.eclipse.jdt.ui.CompilationUnitEditor",1280174228046
deactivated,workbench,org.eclipse.ui.workbench,3.6.0.I20100603-1100,"",1280174232488
activated,view,org.eclipse.ui.views,3.5.0.I20100527-0800,"org.eclipse.ui.views.ContentOutline",1280174259736
activated,workbench,org.eclipse.ui.workbench,3.6.0.I20100603-1100,"",1280174259795
activated,editor,org.eclipse.jdt.ui,3.6.0.v20100602-1600,"org.eclipse.jdt.ui.CompilationUnitEditor",1280174260509
activated,view,org.eclipse.jdt.junit,3.6.0.v20100526-0800,"org.eclipse.jdt.junit.ResultView",1280174263747
executed,command,org.eclipse.jdt.junit,3.6.0.v20100526-0800,"org.eclipse.jdt.junit.junitShortcut.rerunLast",1280174263822
activated,workbench,org.eclipse.ui.workbench,3.6.0.I20100603-1100,"",1280174270062
activated,editor,org.eclipse.jdt.ui,3.6.0.v20100602-1600,"org.eclipse.jdt.ui.ClassFileEditor",1280174270161
activated,view,org.eclipse.jdt.junit,3.6.0.v20100526-0800,"org.eclipse.jdt.junit.ResultView",1280174270600
activated,editor,org.eclipse.jdt.ui,3.6.0.v20100602-1600,"org.eclipse.jdt.ui.CompilationUnitEditor",1280174273098
activated,workbench,org.eclipse.ui.workbench,3.6.0.I20100603-1100,"",1280174279741
activated,editor,org.eclipse.jdt.ui,3.6.0.v20100602-1600,"org.eclipse.jdt.ui.CompilationUnitEditor",1280174279818
executed,command,org.eclipse.jdt.ui,3.6.0.v20100602-1600,"org.eclipse.jdt.ui.edit.text.java.open.editor",1280174279825
executed,command,org.eclipse.ui.workbench.texteditor,3.6.0.v20100520-0800,"org.eclipse.ui.edit.text.delete.line",1280174283806
executed,command,org.eclipse.ui.workbench.texteditor,3.6.0.v20100520-0800,"org.eclipse.ui.edit.text.smartEnterInverse",1280174284270
executed,command,org.eclipse.ui.workbench.texteditor,3.6.0.v20100520-0800,"org.eclipse.ui.edit.text.delete.line",1280174294812
executed,command,org.eclipse.ui,3.6.0.I20100603-1100,"org.eclipse.ui.file.saveAll",1280174295253
executed,command,org.eclipse.ui.workbench.texteditor,3.6.0.v20100520-0800,"org.eclipse.ui.edit.text.smartEnterInverse",1280174296494
executed,command,org.eclipse.ui.ide,3.6.0.I20100601-0800,"org.eclipse.jdt.ui.edit.text.java.correction.assist.proposals",1280174298548
executed,command,org.eclipse.ui,3.6.0.I20100603-1100,"org.eclipse.ui.file.saveAll",1280174301516
executed,command,org.eclipse.ui,3.6.0.I20100603-1100,"org.eclipse.ui.edit.text.contentAssist.proposals",1280174313055
executed,command,org.eclipse.ui.ide,3.6.0.I20100601-0800,"org.eclipse.jdt.ui.edit.text.java.correction.assist.proposals",1280174351908
executed,command,org.eclipse.ui,3.6.0.I20100603-1100,"org.eclipse.ui.edit.undo",1280174355607
executed,command,org.eclipse.ui.ide,3.6.0.I20100601-0800,"org.eclipse.jdt.ui.edit.text.java.correction.assist.proposals",1280174362364
executed,command,org.eclipse.ui.ide,3.6.0.I20100601-0800,"org.eclipse.jdt.ui.edit.text.java.correction.assist.proposals",1280174369023
executed,command,org.eclipse.ui.workbench.texteditor,3.6.0.v20100520-0800,"org.eclipse.ui.edit.text.smartEnter",1280174384388
executed,command,org.eclipse.ui,3.6.0.I20100603-1100,"org.eclipse.ui.edit.text.contentAssist.proposals",1280174392959
executed,command,org.eclipse.ui,3.6.0.I20100603-1100,"org.eclipse.ui.edit.text.contentAssist.proposals",1280174397148
executed,command,org.eclipse.ui,3.6.0.I20100603-1100,"org.eclipse.ui.edit.text.contentAssist.proposals",1280174405025
executed,command,org.eclipse.ui,3.6.0.I20100603-1100,"org.eclipse.ui.edit.text.contentAssist.proposals",1280174413327
executed,command,org.eclipse.ui,3.6.0.I20100603-1100,"org.eclipse.ui.file.saveAll",1280174416664
executed,command,org.eclipse.ui.ide,3.6.0.I20100601-0800,"org.eclipse.jdt.ui.edit.text.java.correction.assist.proposals",1280174417617
executed,command,org.eclipse.ui,3.6.0.I20100603-1100,"org.eclipse.ui.file.saveAll",1280174419760
activated,editor,org.eclipse.jdt.ui,3.6.0.v20100602-1600,"org.eclipse.jdt.ui.CompilationUnitEditor",1280174425461
executed,command,org.eclipse.ui.ide,3.6.0.I20100601-0800,"org.eclipse.jdt.ui.edit.text.java.correction.assist.proposals",1280174432652
executed,command,org.eclipse.ui,3.6.0.I20100603-1100,"org.eclipse.ui.file.saveAll",1280174436055
executed,command,org.eclipse.ui,3.6.0.I20100603-1100,"org.eclipse.ui.file.saveAll",1280174447142
executed,command,org.eclipse.jdt.junit,3.6.0.v20100526-0800,"org.eclipse.jdt.junit.junitShortcut.run",1280174450971
executed,command,org.eclipse.ui,3.6.0.I20100603-1100,"org.eclipse.ui.file.saveAll",1280174473712
activated,view,org.eclipse.jdt.junit,3.6.0.v20100526-0800,"org.eclipse.jdt.junit.ResultView",1280174479506
activated,workbench,org.eclipse.ui.workbench,3.6.0.I20100603-1100,"",1280174481965
activated,editor,org.eclipse.jdt.ui,3.6.0.v20100602-1600,"org.eclipse.jdt.ui.CompilationUnitEditor",1280174482024
activated,view,org.eclipse.jdt.junit,3.6.0.v20100526-0800,"org.eclipse.jdt.junit.ResultView",1280174482486
activated,workbench,org.eclipse.ui.workbench,3.6.0.I20100603-1100,"",1280174493790
activated,editor,org.eclipse.jdt.ui,3.6.0.v20100602-1600,"org.eclipse.jdt.ui.ClassFileEditor",1280174493878
activated,view,org.eclipse.jdt.junit,3.6.0.v20100526-0800,"org.eclipse.jdt.junit.ResultView",1280174494632
activated,workbench,org.eclipse.ui.workbench,3.6.0.I20100603-1100,"",1280174498220
activated,editor,org.eclipse.jdt.ui,3.6.0.v20100602-1600,"org.eclipse.jdt.ui.CompilationUnitEditor",1280174498309
activated,view,org.eclipse.jdt.junit,3.6.0.v20100526-0800,"org.eclipse.jdt.junit.ResultView",1280174498862
activated,editor,org.eclipse.jdt.ui,3.6.0.v20100602-1600,"org.eclipse.jdt.ui.CompilationUnitEditor",1280174501639
